{
  "hash": "c1044c55",
  "configHash": "25f74250",
  "lockfileHash": "18c9e723",
  "browserHash": "a7dcbcdc",
  "optimized": {
    "@angular/common": {
      "src": "../../../../../../node_modules/@angular/common/fesm2022/common.mjs",
      "file": "@angular_common.js",
      "fileHash": "daf2ed49",
      "needsInterop": false
    },
    "@angular/common/http": {
      "src": "../../../../../../node_modules/@angular/common/fesm2022/http.mjs",
      "file": "@angular_common_http.js",
      "fileHash": "87a15296",
      "needsInterop": false
    },
    "@angular/core": {
      "src": "../../../../../../node_modules/@angular/core/fesm2022/core.mjs",
      "file": "@angular_core.js",
      "fileHash": "9188205d",
      "needsInterop": false
    },
    "@angular/forms": {
      "src": "../../../../../../node_modules/@angular/forms/fesm2022/forms.mjs",
      "file": "@angular_forms.js",
      "fileHash": "66849b9a",
      "needsInterop": false
    },
    "@angular/platform-browser": {
      "src": "../../../../../../node_modules/@angular/platform-browser/fesm2022/platform-browser.mjs",
      "file": "@angular_platform-browser.js",
      "fileHash": "8cbcd836",
      "needsInterop": false
    },
    "@angular/router": {
      "src": "../../../../../../node_modules/@angular/router/fesm2022/router.mjs",
      "file": "@angular_router.js",
      "fileHash": "8bc0136a",
      "needsInterop": false
    },
    "rxjs": {
      "src": "../../../../../../node_modules/rxjs/dist/esm5/index.js",
      "file": "rxjs.js",
      "fileHash": "5df7d153",
      "needsInterop": false
    },
    "rxjs/operators": {
      "src": "../../../../../../node_modules/rxjs/dist/esm5/operators/index.js",
      "file": "rxjs_operators.js",
      "fileHash": "9ad0d989",
      "needsInterop": false
    },
    "@angular/material/form-field": {
      "src": "../../../../../../node_modules/@angular/material/fesm2022/form-field.mjs",
      "file": "@angular_material_form-field.js",
      "fileHash": "c2831fb4",
      "needsInterop": false
    },
    "@angular/material/input": {
      "src": "../../../../../../node_modules/@angular/material/fesm2022/input.mjs",
      "file": "@angular_material_input.js",
      "fileHash": "82f070f3",
      "needsInterop": false
    },
    "@angular/material/button": {
      "src": "../../../../../../node_modules/@angular/material/fesm2022/button.mjs",
      "file": "@angular_material_button.js",
      "fileHash": "2fbd85be",
      "needsInterop": false
    },
    "@angular/material/card": {
      "src": "../../../../../../node_modules/@angular/material/fesm2022/card.mjs",
      "file": "@angular_material_card.js",
      "fileHash": "63489adf",
      "needsInterop": false
    },
    "@angular/material/icon": {
      "src": "../../../../../../node_modules/@angular/material/fesm2022/icon.mjs",
      "file": "@angular_material_icon.js",
      "fileHash": "fa54af90",
      "needsInterop": false
    },
    "@angular/cdk/bidi": {
      "src": "../../../../../../node_modules/@angular/cdk/fesm2022/bidi.mjs",
      "file": "@angular_cdk_bidi.js",
      "fileHash": "94e9d84a",
      "needsInterop": false
    },
    "@angular/cdk/text-field": {
      "src": "../../../../../../node_modules/@angular/cdk/fesm2022/text-field.mjs",
      "file": "@angular_cdk_text-field.js",
      "fileHash": "8964e35a",
      "needsInterop": false
    },
    "@angular/material/list": {
      "src": "../../../../../../node_modules/@angular/material/fesm2022/list.mjs",
      "file": "@angular_material_list.js",
      "fileHash": "bdce9e9f",
      "needsInterop": false
    },
    "@angular/material/select": {
      "src": "../../../../../../node_modules/@angular/material/fesm2022/select.mjs",
      "file": "@angular_material_select.js",
      "fileHash": "661a9f3e",
      "needsInterop": false
    },
    "@angular/cdk/scrolling": {
      "src": "../../../../../../node_modules/@angular/cdk/fesm2022/scrolling.mjs",
      "file": "@angular_cdk_scrolling.js",
      "fileHash": "7b115e35",
      "needsInterop": false
    }
  },
  "chunks": {
    "chunk-ES2BHIZR": {
      "file": "chunk-ES2BHIZR.js"
    },
    "chunk-MBOTNCFJ": {
      "file": "chunk-MBOTNCFJ.js"
    },
    "chunk-AAVKZKRD": {
      "file": "chunk-AAVKZKRD.js"
    },
    "chunk-D7MOCUTT": {
      "file": "chunk-D7MOCUTT.js"
    },
    "chunk-YX5AH5E5": {
      "file": "chunk-YX5AH5E5.js"
    },
    "chunk-3ILCQGVL": {
      "file": "chunk-3ILCQGVL.js"
    },
    "chunk-FBEVVZ2Z": {
      "file": "chunk-FBEVVZ2Z.js"
    },
    "chunk-BUBKBFYV": {
      "file": "chunk-BUBKBFYV.js"
    },
    "chunk-S26RCIQQ": {
      "file": "chunk-S26RCIQQ.js"
    },
    "chunk-62BNLD5W": {
      "file": "chunk-62BNLD5W.js"
    },
    "chunk-WKYSLQTN": {
      "file": "chunk-WKYSLQTN.js"
    },
    "chunk-2O4WY5GE": {
      "file": "chunk-2O4WY5GE.js"
    },
    "chunk-AO6VRBOT": {
      "file": "chunk-AO6VRBOT.js"
    },
    "chunk-5UU44KOZ": {
      "file": "chunk-5UU44KOZ.js"
    },
    "chunk-PKTFMTS2": {
      "file": "chunk-PKTFMTS2.js"
    },
    "chunk-ITXENPTM": {
      "file": "chunk-ITXENPTM.js"
    },
    "chunk-IAZCPPPF": {
      "file": "chunk-IAZCPPPF.js"
    },
    "chunk-CBOLBEK5": {
      "file": "chunk-CBOLBEK5.js"
    },
    "chunk-ECXZLTQG": {
      "file": "chunk-ECXZLTQG.js"
    },
    "chunk-FFZIAYYX": {
      "file": "chunk-FFZIAYYX.js"
    },
    "chunk-6Q4RANH6": {
      "file": "chunk-6Q4RANH6.js"
    },
    "chunk-CXCX2JKZ": {
      "file": "chunk-CXCX2JKZ.js"
    }
  }
}