{
  "hash": "b31a568f",
  "configHash": "f5b3b382",
  "lockfileHash": "6f701270",
  "browserHash": "f1ce788d",
  "optimized": {
    "@angular/common": {
      "src": "../../../../../../node_modules/@angular/common/fesm2022/common.mjs",
      "file": "@angular_common.js",
      "fileHash": "f7ed05e1",
      "needsInterop": false
    },
    "@angular/core": {
      "src": "../../../../../../node_modules/@angular/core/fesm2022/core.mjs",
      "file": "@angular_core.js",
      "fileHash": "aaf92e68",
      "needsInterop": false
    },
    "@angular/forms": {
      "src": "../../../../../../node_modules/@angular/forms/fesm2022/forms.mjs",
      "file": "@angular_forms.js",
      "fileHash": "0c241a39",
      "needsInterop": false
    },
    "@angular/platform-browser": {
      "src": "../../../../../../node_modules/@angular/platform-browser/fesm2022/platform-browser.mjs",
      "file": "@angular_platform-browser.js",
      "fileHash": "02dfeb64",
      "needsInterop": false
    }
  },
  "chunks": {
    "chunk-ESJHGDAR": {
      "file": "chunk-ESJHGDAR.js"
    },
    "chunk-2X4V2I2S": {
      "file": "chunk-2X4V2I2S.js"
    }
  }
}